source,title,timestamp,datetime,url,filename,media_type
saved,tha_truth_7.31,1766401968,2025-12-22 12:12:48,https://www.instagram.com/reel/DL4res6xOT-/,1766401968_tha_truth_7.31.mp4,video
saved,focus_szn_,1766401009,2025-12-22 11:56:49,https://www.instagram.com/reel/DSSqnevjErV/,1766401009_focus_szn_.mp4,video
saved,flourishwithlaurin,1766322593,2025-12-21 14:09:53,https://www.instagram.com/reel/DRu5jXJknK3/,1766322593_flourishwithlaurin.mp4,video
saved,brokenbraintv,1766322293,2025-12-21 14:04:53,https://www.instagram.com/reel/DRkRm1JDDB5/,1766322293_brokenbraintv.mp4,video
saved,belano.motivation,1766322123,2025-12-21 14:02:03,https://www.instagram.com/reel/DSfbuI2jEFb/,1766322123_belano.motivation.mp4,video
saved,donovansharpetsr,1766321847,2025-12-21 13:57:27,https://www.instagram.com/reel/DSVg-ECkgux/,1766321847_donovansharpetsr.mp4,video
saved,stretchingexercise,1766321610,2025-12-21 13:53:30,https://www.instagram.com/p/DSWtuqok5Iq/,1766321610_stretchingexercise.mp4,video
saved,fitmittaichi,1766320105,2025-12-21 13:28:25,https://www.instagram.com/reel/DR_4L2qk-Q9/,1766320105_fitmittaichi.mp4,video
saved,darwin_science_,1766249241,2025-12-20 17:47:21,https://www.instagram.com/reel/DSaB8ByAHCo/,1766249241_darwin_science_.mp4,video
saved,primo.gigante,1766249123,2025-12-20 17:45:23,https://www.instagram.com/reel/DSFPv4MDEOC/,1766249123_primo.gigante.mp4,video
saved,diploma.duck,1766248890,2025-12-20 17:41:30,https://www.instagram.com/reel/DSYDDSkjPMd/,1766248890_diploma.duck.mp4,video
saved,alextripi.official,1766248257,2025-12-20 17:30:57,https://www.instagram.com/reel/DRuiljxCIFA/,1766248257_alextripi.official.mp4,video
saved,j.bayanmunkh,1766188458,2025-12-20 00:54:18,https://www.instagram.com/reel/DSJZ7CAkzud/,1766188458_j.bayanmunkh.mp4,video
saved,draustinperlmutter,1766105252,2025-12-19 01:47:32,https://www.instagram.com/reel/DP4DQrZEfK-/,1766105252_draustinperlmutter.mp4,video
saved,bilolyusufiy,1766003358,2025-12-17 21:29:18,https://www.instagram.com/reel/DNOuu2WIXp1/,1766003358_bilolyusufiy.mp4,video
saved,gomiko_ttv,1766002762,2025-12-17 21:19:22,https://www.instagram.com/reel/DQmX67FiF_B/,1766002762_gomiko_ttv.mp4,video
saved,thedescribed,1766002452,2025-12-17 21:14:12,https://www.instagram.com/reel/DSNUeeLjMMf/,1766002452_thedescribed.mp4,video
saved,openminds.eu,1766002106,2025-12-17 21:08:26,https://www.instagram.com/reel/DSSTrnyjE9M/,1766002106_openminds.eu.mp4,video
saved,icewhiteofficial,1765612024,2025-12-13 08:47:04,https://www.instagram.com/reel/DRrmAjrjuX5/,1765612024_icewhiteofficial.mp4,video
saved,8glogics,1765569229,2025-12-12 20:53:49,https://www.instagram.com/reel/DRzcz-ICkTX/,1765569229_8glogics.mp4,video
saved,ciatruth,1765568477,2025-12-12 20:41:17,https://www.instagram.com/reel/DPI3A7rCOOE/,1765568477_ciatruth.mp4,video
saved,rafael.bielak,1765568390,2025-12-12 20:39:50,https://www.instagram.com/reel/DRTK3XeFqJu/,1765568390_rafael.bielak.mp4,video
saved,mindset.ambassador,1765566274,2025-12-12 20:04:34,https://www.instagram.com/reel/DRWkJolDIjB/,1765566274_mindset.ambassador.mp4,video
saved,mentaluxus,1765565940,2025-12-12 19:59:00,https://www.instagram.com/reel/DR7BqRJDDC0/,1765565940_mentaluxus.mp4,video
saved,rizzmentality,1765565100,2025-12-12 19:45:00,https://www.instagram.com/reel/DRVA1XDjAy3/,1765565100_rizzmentality.mp4,video
saved,bookseekr_,1765564745,2025-12-12 19:39:05,https://www.instagram.com/reel/DSFOOr7gUb8/,1765564745_bookseekr_.mp4,video
saved,mindsvictory,1765564416,2025-12-12 19:33:36,https://www.instagram.com/reel/DP8afAAkV9i/,1765564416_mindsvictory.mp4,video
saved,_gr8mindset_,1765562577,2025-12-12 19:02:57,https://www.instagram.com/reel/DRwxlssCTT4/,1765562577__gr8mindset_.mp4,video
saved,mindfurge,1765500997,2025-12-12 01:56:37,https://www.instagram.com/reel/DRoTRayjF6b/,1765500997_mindfurge.mp4,video
saved,thebrainmaze,1765495433,2025-12-12 00:23:53,https://www.instagram.com/reel/DSFft7JiMvU/,1765495433_thebrainmaze.mp4,video
saved,manipulatevictory.in,1765408192,2025-12-11 00:09:52,https://www.instagram.com/reel/DSC9HAEEx-X/,1765408192_manipulatevictory.in.mp4,video
saved,fishroom_official,1765408050,2025-12-11 00:07:30,https://www.instagram.com/reel/DR9U0JJkRjz/,1765408050_fishroom_official.mp4,video
saved,maxxculine.quotes,1765407824,2025-12-11 00:03:44,https://www.instagram.com/reel/DRzo1jajNRT/,1765407824_maxxculine.quotes.mp4,video
saved,cycasquotes,1765402856,2025-12-10 22:40:56,https://www.instagram.com/reel/DR45U3ZEjHv/,1765402856_cycasquotes.mp4,video
saved,themodernherculs,1765402688,2025-12-10 22:38:08,https://www.instagram.com/reel/DRKAhTcEukD/,1765402688_themodernherculs.mp4,video
saved,upspiral.life,1765380011,2025-12-10 16:20:11,https://www.instagram.com/reel/DR2-0eOkWap/,1765380011_upspiral.life.mp4,video
saved,bond_peter0077,1765379978,2025-12-10 16:19:38,https://www.instagram.com/reel/DRnK6k3j1xh/,1765379978_bond_peter0077.mp4,video
saved,jackhneel,1765361660,2025-12-10 11:14:20,https://www.instagram.com/reel/DSBOfStjW4Y/,1765361660_jackhneel.mp4,video
saved,datinguy,1765361247,2025-12-10 11:07:27,https://www.instagram.com/reel/DIj_pSJTDvi/,1765361247_datinguy.mp4,video
saved,bookswithswapnil_,1765029818,2025-12-06 15:03:38,https://www.instagram.com/reel/DQy6otaDMNm/,1765029818_bookswithswapnil_.mp4,video
saved,the.mindspire,1765029748,2025-12-06 15:02:28,https://www.instagram.com/reel/DPPPp2fk-cL/,1765029748_the.mindspire.mp4,video
saved,maximales.leben,1765029130,2025-12-06 14:52:10,https://www.instagram.com/reel/DMcpKTbs_z2/,1765029130_maximales.leben.mp4,video
saved,505.offiziell,1765029031,2025-12-06 14:50:31,https://www.instagram.com/reel/DR2ZNxLjd-v/,1765029031_505.offiziell.mp4,video
saved,manipulatevictory.in,1765028854,2025-12-06 14:47:34,https://www.instagram.com/reel/DRHciEIESNq/,1765028854_manipulatevictory.in.mp4,video
saved,10.10na,1765028796,2025-12-06 14:46:36,https://www.instagram.com/reel/DRs-I3QkyDW/,1765028796_10.10na.mp4,video
saved,jackhneel,1765028703,2025-12-06 14:45:03,https://www.instagram.com/reel/DR0PULpkYJO/,1765028703_jackhneel.mp4,video
saved,virtus.vibe,1765028499,2025-12-06 14:41:39,https://www.instagram.com/reel/DMX_xb0iH3Z/,1765028499_virtus.vibe.mp4,video
saved,fokusmacher,1765028179,2025-12-06 14:36:19,https://www.instagram.com/reel/DQvlVGcDPTZ/,1765028179_fokusmacher.mp4,video
saved,brainhex_,1765028094,2025-12-06 14:34:54,https://www.instagram.com/reel/DRqvH6VkgBs/,1765028094_brainhex_.mp4,video
saved,mindrift06,1765027850,2025-12-06 14:30:50,https://www.instagram.com/reel/DPaZpxMEvXU/,1765027850_mindrift06.mp4,video
saved,clarityofmindset_,1765027696,2025-12-06 14:28:16,https://www.instagram.com/reel/DRWAybSE7uQ/,1765027696_clarityofmindset_.mp4,video
saved,fokusmacher,1764984336,2025-12-06 02:25:36,https://www.instagram.com/reel/DR2dnKHDm0e/,1764984336_fokusmacher.mp4,video
saved,mindviralforge,1764984123,2025-12-06 02:22:03,https://www.instagram.com/reel/DRUo5WWCK8b/,1764984123_mindviralforge.mp4,video
saved,505.offiziell,1764984022,2025-12-06 02:20:22,https://www.instagram.com/reel/DR0CsY_jSc5/,1764984022_505.offiziell.mp4,video
saved,8rilliants,1764983864,2025-12-06 02:17:44,https://www.instagram.com/reel/DRbsZ8eiEHc/,1764983864_8rilliants.mp4,video
saved,read_inspired,1764983745,2025-12-06 02:15:45,https://www.instagram.com/reel/DQGh32pk-fv/,1764983745_read_inspired.mp4,video
saved,psychologythinks,1764983584,2025-12-06 02:13:04,https://www.instagram.com/reel/DQrnw2hjFuU/,1764983584_psychologythinks.mp4,video
saved,brainhex_,1764983242,2025-12-06 02:07:22,https://www.instagram.com/reel/DR3iSEbDCHr/,1764983242_brainhex_.mp4,video
saved,10.10na,1764983042,2025-12-06 02:04:02,https://www.instagram.com/reel/DR1n6e3k69f/,1764983042_10.10na.mp4,video
saved,bayofsuccess,1764982891,2025-12-06 02:01:31,https://www.instagram.com/reel/DR0rk5sEnIa/,1764982891_bayofsuccess.mp4,video
saved,awaken_aura222,1764982582,2025-12-06 01:56:22,https://www.instagram.com/reel/DRcIXy-kqwC/,1764982582_awaken_aura222.mp4,video
saved,globebuzzdaily.0,1764982175,2025-12-06 01:49:35,https://www.instagram.com/reel/DNnntcZypuw/,1764982175_globebuzzdaily.0.mp4,video
saved,jord.i9290,1764982120,2025-12-06 01:48:40,https://www.instagram.com/reel/DR3bOksATID/,1764982120_jord.i9290.mp4,video
saved,champologie,1764982029,2025-12-06 01:47:09,https://www.instagram.com/reel/DR2Ud_5Csms/,1764982029_champologie.mp4,video
saved,hortas_ideias,1764981908,2025-12-06 01:45:08,https://www.instagram.com/reel/DNauml_ulEK/,1764981908_hortas_ideias.mp4,video
saved,zenithy___,1764981668,2025-12-06 01:41:08,https://www.instagram.com/reel/DR3JoiWEjRl/,1764981668_zenithy___.mp4,video
saved,funnybites.daily,1764943483,2025-12-05 15:04:43,https://www.instagram.com/reel/DRzt43UEqPo/,1764943483_funnybites.daily.mp4,video
saved,froyaorganics,1764797355,2025-12-03 22:29:15,https://www.instagram.com/reel/DRDdqLiEnL0/,1764797355_froyaorganics.mp4,video
saved,sakil_art_07,1764789163,2025-12-03 20:12:43,https://www.instagram.com/reel/DRo_CTXCbSD/,1764789163_sakil_art_07.mp4,video
saved,meekotheiggy,1764781844,2025-12-03 18:10:44,https://www.instagram.com/reel/DRuyCYsDP7g/,1764781844_meekotheiggy.mp4,video
saved,mussmannwissen,1764771668,2025-12-03 15:21:08,https://www.instagram.com/reel/DRxSrwGCCja/,1764771668_mussmannwissen.mp4,video
saved,killaangels,1764770855,2025-12-03 15:07:35,https://www.instagram.com/reel/DRwm13djPKn/,1764770855_killaangels.mp4,video
saved,clips,1764770739,2025-12-03 15:05:39,https://www.instagram.com/reel/DRvAbniCP67/,1764770739_clips.mp4,video
saved,charlieknowsai,1764558860,2025-12-01 04:14:20,https://www.instagram.com/reel/DRZz66-ksKP/,1764558860_charlieknowsai.mp4,video
saved,niklastitgemeyer_,1764558649,2025-12-01 04:10:49,https://www.instagram.com/reel/DRT3d5TjPZq/,1764558649_niklastitgemeyer_.mp4,video
saved,whdcloudfest,1764558393,2025-12-01 04:06:33,https://www.instagram.com/reel/DRm24gjAqnL/,1764558393_whdcloudfest.mp4,video
saved,mwendembae,1764555438,2025-12-01 03:17:18,https://www.instagram.com/reel/DRmvO-GDd2y/,1764555438_mwendembae.mp4,video
saved,kyleinspires1,1764555138,2025-12-01 03:12:18,https://www.instagram.com/reel/DRr9EoijrpI/,1764555138_kyleinspires1.mp4,video
saved,condsty,1764554118,2025-12-01 02:55:18,https://www.instagram.com/reel/DQy3U18CKLf/,1764554118_condsty.mp4,video
saved,gesundetricks,1764544922,2025-12-01 00:22:02,https://www.instagram.com/reel/DP_4GhSjKQl/,1764544922_gesundetricks.mp4,video
saved,disziplino,1764544908,2025-12-01 00:21:48,https://www.instagram.com/reel/DPa1JM6lLws/,1764544908_disziplino.mp4,video
saved,goldihajo,1764511497,2025-11-30 15:04:57,https://www.instagram.com/reel/DRnKhG-gmgJ/,1764511497_goldihajo.mp4,video
saved,nomind.academy,1764437672,2025-11-29 18:34:32,https://www.instagram.com/reel/DRXzWZuDCpM/,1764437672_nomind.academy.mp4,video
saved,condsty,1764436643,2025-11-29 18:17:23,https://www.instagram.com/reel/DQROmOlDgdO/,1764436643_condsty.mp4,video
saved,atomswhisper,1764433877,2025-11-29 17:31:17,https://www.instagram.com/reel/DRhOFufj3AD/,1764433877_atomswhisper.mp4,video
saved,poenalimation,1764433760,2025-11-29 17:29:20,https://www.instagram.com/reel/DRhFsBLDPMX/,1764433760_poenalimation.mp4,video
saved,astroworld_animation,1764420167,2025-11-29 13:42:47,https://www.instagram.com/reel/DRlzxodiOD3/,1764420167_astroworld_animation.mp4,video
saved,heliokt,1764342984,2025-11-28 16:16:24,https://www.instagram.com/reel/DO9E6CbjOFl/,1764342984_heliokt.mp4,video
saved,reflectraexplores,1764340809,2025-11-28 15:40:09,https://www.instagram.com/reel/DRitglgAX1O/,1764340809_reflectraexplores.mp4,video
saved,mr.nightales7,1764340605,2025-11-28 15:36:45,https://www.instagram.com/reel/DRPoZQcEifv/,1764340605_mr.nightales7.mp4,video
saved,littlemelitaa,1764340115,2025-11-28 15:28:35,https://www.instagram.com/reel/DO_fIXeDqAG/,1764340115_littlemelitaa.mp4,video
saved,laughwitheddiespear,1764340040,2025-11-28 15:27:20,https://www.instagram.com/reel/DL2QGfJqgHl/,1764340040_laughwitheddiespear.mp4,video
saved,redbulladventure,1764339900,2025-11-28 15:25:00,https://www.instagram.com/reel/DRj_9MwjBNc/,1764339900_redbulladventure.mp4,video
saved,heroeshacks,1764280011,2025-11-27 22:46:51,https://www.instagram.com/reel/DNGqurvovti/,1764280011_heroeshacks.mp4,video
saved,babysleepingguid,1764198655,2025-11-27 00:10:55,https://www.instagram.com/reel/DMCeA3No9Gn/,1764198655_babysleepingguid.mp4,video
saved,happy_go_loki_7,1764198207,2025-11-27 00:03:27,https://www.instagram.com/reel/DOmtO14iXmk/,1764198207_happy_go_loki_7.mp4,video
saved,the.financial.boss,1764183599,2025-11-26 19:59:59,https://www.instagram.com/reel/DPEaEvlCY2r/,1764183599_the.financial.boss.mp4,video
saved,nicksmusictaste,1764068749,2025-11-25 12:05:49,https://www.instagram.com/reel/DRTGBXkjBcV/,1764068749_nicksmusictaste.mp4,video
saved,maxieforreal_,1763981827,2025-11-24 11:57:07,https://www.instagram.com/reel/DRaFOMRCskO/,1763981827_maxieforreal_.mp4,video
saved,addnfahrer,1763916550,2025-11-23 17:49:10,https://www.instagram.com/reel/DRW1LedjF0-/,1763916550_addnfahrer.mp4,video
saved,universal.clipss,1763911957,2025-11-23 16:32:37,https://www.instagram.com/reel/DRWbiuREVR5/,1763911957_universal.clipss.mp4,video
saved,omnigineer,1763651299,2025-11-20 16:08:19,https://www.instagram.com/reel/DQO5LovAPYs/,1763651299_omnigineer.mp4,video
saved,beaver_do_it,1763651224,2025-11-20 16:07:04,https://www.instagram.com/reel/DMZ-uPIIL0A/,1763651224_beaver_do_it.mp4,video
saved,danny.pogofsky,1763651088,2025-11-20 16:04:48,https://www.instagram.com/reel/DPMlXc7AKIc/,1763651088_danny.pogofsky.mp4,video
saved,tobolator,1763650989,2025-11-20 16:03:09,https://www.instagram.com/reel/DMf-cNsoBEY/,1763650989_tobolator.mp4,video
saved,dinomcmahan,1763650831,2025-11-20 16:00:31,https://www.instagram.com/reel/DLVFZhdsemG/,1763650831_dinomcmahan.mp4,video
saved,gamblegig3,1763650432,2025-11-20 15:53:52,https://www.instagram.com/reel/DPVr0wTDfCG/,1763650432_gamblegig3.mp4,video
saved,rush_wave,1763650384,2025-11-20 15:53:04,https://www.instagram.com/reel/DQ_WQ7Zkec5/,1763650384_rush_wave.mp4,video
saved,byotools,1763650258,2025-11-20 15:50:58,https://www.instagram.com/reel/DKw6dgdJshz/,1763650258_byotools.mp4,video
saved,timos_werkstatt,1763650207,2025-11-20 15:50:07,https://www.instagram.com/reel/DN5_xr9jGZl/,1763650207_timos_werkstatt.mp4,video
saved,glassmedias,1763650112,2025-11-20 15:48:32,https://www.instagram.com/reel/DP7P2sWieUm/,1763650112_glassmedias.mp4,video
saved,chiefsweetsuniverse,1763650088,2025-11-20 15:48:08,https://www.instagram.com/reel/DQ2nlfAEXXR/,1763650088_chiefsweetsuniverse.mp4,video
saved,anishoe.conn,1763650017,2025-11-20 15:46:57,https://www.instagram.com/reel/DOqAjkNjt2f/,1763650017_anishoe.conn.mp4,video
saved,printsculptors,1763649981,2025-11-20 15:46:21,https://www.instagram.com/reel/DRIV_rKkxCO/,1763649981_printsculptors.mp4,video
saved,hard_frame_,1763649716,2025-11-20 15:41:56,https://www.instagram.com/reel/DRNxxColbdu/,1763649716_hard_frame_.mp4,video
saved,meme.cookie2025,1763649191,2025-11-20 15:33:11,https://www.instagram.com/reel/DRO6onVDF36/,1763649191_meme.cookie2025.mp4,video
saved,fishingtim3,1763649006,2025-11-20 15:30:06,https://www.instagram.com/reel/DRPPzEYCI2o/,1763649006_fishingtim3.mp4,video
saved,gettishow,1763573200,2025-11-19 18:26:40,https://www.instagram.com/reel/DKYAKnjBxAw/,1763573200_gettishow.mp4,video
saved,theknownpulse,1763562232,2025-11-19 15:23:52,https://www.instagram.com/reel/DQZMUmID9IA/,1763562232_theknownpulse.mp4,video
saved,darkclues83,1763545984,2025-11-19 10:53:04,https://www.instagram.com/reel/DO0P8WTjJ-Y/,1763545984_darkclues83.mp4,video
saved,quby_starmoly,1763545652,2025-11-19 10:47:32,https://www.instagram.com/reel/DPLjHsOD9Yv/,1763545652_quby_starmoly.mp4,video
saved,the.mr.cypher,1763545464,2025-11-19 10:44:24,https://www.instagram.com/reel/DQsNV9Dkuwt/,1763545464_the.mr.cypher.mp4,video
saved,primax_animation,1763544855,2025-11-19 10:34:15,https://www.instagram.com/reel/DRImHseke_Y/,1763544855_primax_animation.mp4,video
saved,datingguideaz,1763544602,2025-11-19 10:30:02,https://www.instagram.com/reel/DQCKl08kbk7/,1763544602_datingguideaz.mp4,video
saved,mainstream.vs.roh,1763544026,2025-11-19 10:20:26,https://www.instagram.com/reel/DRHXCaOjfLd/,1763544026_mainstream.vs.roh.mp4,video
saved,marcelsformula,1763218069,2025-11-15 15:47:49,https://www.instagram.com/reel/DQCUE9ODtS3/,1763218069_marcelsformula.mp4,video
saved,muhammad_noman47,1763217897,2025-11-15 15:44:57,https://www.instagram.com/reel/DMYITQWNpzz/,1763217897_muhammad_noman47.mp4,video
saved,djcharlesnew,1763216514,2025-11-15 15:21:54,https://www.instagram.com/reel/DQ_vC5hjlRq/,1763216514_djcharlesnew.mp4,video
saved,fyveshinobi,1763216435,2025-11-15 15:20:35,https://www.instagram.com/reel/DLQTsZftobn/,1763216435_fyveshinobi.mp4,video
saved,cadenmcdonald,1763215856,2025-11-15 15:10:56,https://www.instagram.com/reel/DQe5Ua9CUZB/,1763215856_cadenmcdonald.mp4,video
saved,michaeldean2.0,1763215695,2025-11-15 15:08:15,https://www.instagram.com/reel/DRCv7vgjVUD/,1763215695_michaeldean2.0.mp4,video
saved,coldwar.iio,1763156787,2025-11-14 22:46:27,https://www.instagram.com/reel/DQ3omqqCPFO/,1763156787_coldwar.iio.mp4,video
saved,uncrustamemes,1763117724,2025-11-14 11:55:24,https://www.instagram.com/reel/DQ8gR5ukegX/,1763117724_uncrustamemes.mp4,video
saved,alarmstufeleo,1763117485,2025-11-14 11:51:25,https://www.instagram.com/reel/DMqPIUrIwSZ/,1763117485_alarmstufeleo.mp4,video
saved,gentle_sleep_nanny,1763031139,2025-11-13 11:52:19,https://www.instagram.com/reel/DM5Zy7-tNF5/,1763031139_gentle_sleep_nanny.mp4,video
saved,the_goat_grazers,1762950061,2025-11-12 13:21:01,https://www.instagram.com/reel/DKfCrwvsDSi/,1762950061_the_goat_grazers.mp4,video
saved,extralife.cl,1762950002,2025-11-12 13:20:02,https://www.instagram.com/reel/DQU7bQwjyBC/,1762950002_extralife.cl.mp4,video
saved,alphabizai,1762949871,2025-11-12 13:17:51,https://www.instagram.com/reel/DQ1leR2CAQi/,1762949871_alphabizai.mp4,video
saved,the.nope.cat,1762949809,2025-11-12 13:16:49,https://www.instagram.com/reel/DM4G1Wdxgof/,1762949809_the.nope.cat.mp4,video
saved,nathaniel.t.hughes,1762949767,2025-11-12 13:16:07,https://www.instagram.com/reel/DPOprgGDfe0/,1762949767_nathaniel.t.hughes.mp4,video
saved,coachcowdrey,1762946223,2025-11-12 12:17:03,https://www.instagram.com/reel/DQrfUweCLop/,1762946223_coachcowdrey.mp4,video
saved,the.nope.cat,1762946097,2025-11-12 12:14:57,https://www.instagram.com/reel/DPDnQ5qD_Xb/,1762946097_the.nope.cat.mp4,video
saved,sooshimango,1762945694,2025-11-12 12:08:14,https://www.instagram.com/reel/DNU5cMIgOAB/,1762945694_sooshimango.mp4,video
saved,yodabeibi,1762944595,2025-11-12 11:49:55,https://www.instagram.com/reel/DPpzBBFjIc5/,1762944595_yodabeibi.mp4,video
saved,creator___,1762944468,2025-11-12 11:47:48,https://www.instagram.com/reel/DP9qcSLkorF/,1762944468_creator___.mp4,video
saved,josephmaxwell099,1762942538,2025-11-12 11:15:38,https://www.instagram.com/reel/DQzIPO0kUK-/,1762942538_josephmaxwell099.mp4,video
saved,two.goldendogs,1762942500,2025-11-12 11:15:00,https://www.instagram.com/reel/DNEQMVoBn9y/,1762942500_two.goldendogs.mp4,video
saved,soul_revival0,1762942439,2025-11-12 11:13:59,https://www.instagram.com/reel/DQ0GBFRCJgV/,1762942439_soul_revival0.mp4,video
saved,immrthinkaboutit,1762942097,2025-11-12 11:08:17,https://www.instagram.com/reel/DQFyJQKDWWF/,1762942097_immrthinkaboutit.mp4,video
saved,the.elizara,1762643115,2025-11-09 00:05:15,https://www.instagram.com/reel/DQumW0IjF8f/,1762643115_the.elizara.mp4,video
saved,mosheh,1762642541,2025-11-08 23:55:41,https://www.instagram.com/reel/DKiE9_LyEnN/,1762642541_mosheh.mp4,video
saved,alden_knightt,1762642107,2025-11-08 23:48:27,https://www.instagram.com/reel/DQsDGkAARKD/,1762642107_alden_knightt.mp4,video
saved,the.elizara,1762642002,2025-11-08 23:46:42,https://www.instagram.com/reel/DQm4DZpAdAd/,1762642002_the.elizara.mp4,video
saved,vitalitysphere360,1762641978,2025-11-08 23:46:18,https://www.instagram.com/reel/DMpqmczoREW/,1762641978_vitalitysphere360.mp4,video
saved,therealjasonshurka,1762641566,2025-11-08 23:39:26,https://www.instagram.com/reel/DPxButhjRL0/,1762641566_therealjasonshurka.mp4,video
saved,doc.farhan,1762641492,2025-11-08 23:38:12,https://www.instagram.com/reel/DNO5BNbMZPI/,1762641492_doc.farhan.mp4,video
saved,theallinpod,1762641369,2025-11-08 23:36:09,https://www.instagram.com/reel/DPzZbO9kToi/,1762641369_theallinpod.mp4,video
saved,beasttechx,1762638453,2025-11-08 22:47:33,https://www.instagram.com/reel/DPtDuNDDq21/,1762638453_beasttechx.mp4,video
saved,aiconversation,1762637516,2025-11-08 22:31:56,https://www.instagram.com/reel/DMFs-Tohrz5/,1762637516_aiconversation.mp4,video
saved,benu.solutions,1762637436,2025-11-08 22:30:36,https://www.instagram.com/reel/DMsOuVxtBzR/,1762637436_benu.solutions.mp4,video
saved,hard_frame_,1762619832,2025-11-08 17:37:12,https://www.instagram.com/reel/DQfU7Y6jEh9/,1762619832_hard_frame_.mp4,video
saved,thepatelinvestor,1762608630,2025-11-08 14:30:30,https://www.instagram.com/reel/DQcjjJ_Es1a/,1762608630_thepatelinvestor.mp4,video
saved,mimbasimbaofficial,1762608501,2025-11-08 14:28:21,https://www.instagram.com/reel/DN99ywlEkeX/,1762608501_mimbasimbaofficial.mp4,video
saved,sambucha,1762607986,2025-11-08 14:19:46,https://www.instagram.com/reel/DLfiQVbtpkh/,1762607986_sambucha.mp4,video
saved,farzanfilms,1762607032,2025-11-08 14:03:52,https://www.instagram.com/reel/DQmhIqEAmzh/,1762607032_farzanfilms.mp4,video
saved,johnny.harris,1762606259,2025-11-08 13:50:59,https://www.instagram.com/reel/DQMPp47gpLN/,1762606259_johnny.harris.mp4,video
saved,danielchidiac,1762605891,2025-11-08 13:44:51,https://www.instagram.com/reel/DOjiHAEEuA3/,1762605891_danielchidiac.mp4,video
saved,getfitwithmiruna,1762604719,2025-11-08 13:25:19,https://www.instagram.com/reel/DPtKk9MifwI/,1762604719_getfitwithmiruna.mp4,video
saved,laertejr_mkt.eua,1762604480,2025-11-08 13:21:20,https://www.instagram.com/reel/DQm0CODCBQ1/,1762604480_laertejr_mkt.eua.mp4,video
saved,mr.highlevel_,1762603868,2025-11-08 13:11:08,https://www.instagram.com/reel/DQvb74zjMRz/,1762603868_mr.highlevel_.mp4,video
saved,tecteddy.lbrty.frst,1762429208,2025-11-06 12:40:08,https://www.instagram.com/reel/DPmWEKDCHqm/,1762429208_tecteddy.lbrty.frst.mp4,video
saved,yogastikbyshubhendu,1762428592,2025-11-06 12:29:52,https://www.instagram.com/reel/DQosPa0ElX6/,1762428592_yogastikbyshubhendu.mp4,video
saved,woodcraft_models,1762204726,2025-11-03 22:18:46,https://www.instagram.com/reel/DOmPmKCjLLZ/,1762204726_woodcraft_models.mp4,video
saved,atiq_goraya00,1761925205,2025-10-31 16:40:05,https://www.instagram.com/reel/DLiGHnIB-jY/,1761925205_atiq_goraya00.mp4,video
saved,swolefucc5,1761759953,2025-10-29 18:45:53,https://www.instagram.com/reel/DJJn-UfN83e/,1761759953_swolefucc5.mp4,video
saved,drjeffyoo,1761759485,2025-10-29 18:38:05,https://www.instagram.com/reel/DO_NDpWDgGp/,1761759485_drjeffyoo.mp4,video
saved,beamishcreator,1761758417,2025-10-29 18:20:17,https://www.instagram.com/reel/DMv3i3_Jdw3/,1761758417_beamishcreator.mp4,video
saved,nightgod333,1761756514,2025-10-29 17:48:34,https://www.instagram.com/reel/DP2sirGjW7d/,1761756514_nightgod333.mp4,video
saved,fishingworldofficial,1761756014,2025-10-29 17:40:14,https://www.instagram.com/reel/DOoKY02klon/,1761756014_fishingworldofficial.mp4,video
saved,tycoon.deofficial,1761753996,2025-10-29 17:06:36,https://www.instagram.com/reel/DNiBNQmNXUs/,1761753996_tycoon.deofficial.mp4,video
saved,animalia.show,1761753388,2025-10-29 16:56:28,https://www.instagram.com/reel/DQWrwlIgnlJ/,1761753388_animalia.show.mp4,video
saved,viralbodycamera,1761752233,2025-10-29 16:37:13,https://www.instagram.com/reel/DIZrNVuR0gq/,1761752233_viralbodycamera.mp4,video
saved,viralbodycamera,1761752012,2025-10-29 16:33:32,https://www.instagram.com/reel/DPOlRT5ESjh/,1761752012_viralbodycamera.mp4,video
saved,baufokus_,1761750127,2025-10-29 16:02:07,https://www.instagram.com/reel/DOLzaIrjcHZ/,1761750127_baufokus_.mp4,video
saved,drone_wars_,1761746311,2025-10-29 14:58:31,https://www.instagram.com/reel/DPMayPpDJx7/,1761746311_drone_wars_.mp4,video
saved,greateuropeagain,1761745970,2025-10-29 14:52:50,https://www.instagram.com/reel/DK845TRN9Ac/,1761745970_greateuropeagain.mp4,video
saved,wise.ish11,1761742739,2025-10-29 13:58:59,https://www.instagram.com/reel/DM3xQ4dxlYV/,1761742739_wise.ish11.mp4,video
saved,apa_satanll,1761742674,2025-10-29 13:57:54,https://www.instagram.com/reel/DNr7hoGWtna/,1761742674_apa_satanll.mp4,video
saved,not.jeffmack,1761741952,2025-10-29 13:45:52,https://www.instagram.com/reel/DQW9eW0DsKC/,1761741952_not.jeffmack.mp4,video
saved,leeyumi6054,1761740875,2025-10-29 13:27:55,https://www.instagram.com/reel/DPY2QlZj1Rz/,1761740875_leeyumi6054.mp4,video
saved,mimbasimbaofficial,1761740583,2025-10-29 13:23:03,https://www.instagram.com/reel/DP1K63kjHYI/,1761740583_mimbasimbaofficial.mp4,video
saved,bempet_organic,1761740283,2025-10-29 13:18:03,https://www.instagram.com/reel/DJ_I8ptODev/,1761740283_bempet_organic.mp4,video
saved,spicybobba,1761739776,2025-10-29 13:09:36,https://www.instagram.com/reel/DPU6rlEjNel/,1761739776_spicybobba.mp4,video
saved,dailysoulcraft,1761735213,2025-10-29 11:53:33,https://www.instagram.com/reel/DPRPCKbDHvl/,1761735213_dailysoulcraft.mp4,video
saved,jascha.unlocked,1761734894,2025-10-29 11:48:14,https://www.instagram.com/reel/DO7spQ1kvki/,1761734894_jascha.unlocked.mp4,video
saved,all_around_ent73,1761734724,2025-10-29 11:45:24,https://www.instagram.com/reel/DPJYZ05AKIo/,1761734724_all_around_ent73.mp4,video
saved,diese.emma.official,1761733790,2025-10-29 11:29:50,https://www.instagram.com/reel/DO4Fh4NgkRB/,1761733790_diese.emma.official.mp4,video
saved,schmetterling.1986,1761732178,2025-10-29 11:02:58,https://www.instagram.com/reel/DQWfTi9CBzG/,1761732178_schmetterling.1986.mp4,video
saved,norespectclub,1761731958,2025-10-29 10:59:18,https://www.instagram.com/reel/DQAV5_3D1As/,1761731958_norespectclub.mp4,video
saved,drjoe_md,1761322548,2025-10-24 18:15:48,https://www.instagram.com/reel/DJ_3F-2Rrpp/,1761322548_drjoe_md.mp4,video
saved,gutscrub,1761321014,2025-10-24 17:50:14,https://www.instagram.com/reel/DP6gKzbDyG2/,1761321014_gutscrub.mp4,video
saved,goodmorgantherapy,1761320926,2025-10-24 17:48:46,https://www.instagram.com/reel/DPpFUKYD26S/,1761320926_goodmorgantherapy.mp4,video
saved,brandify.ideas,1761320714,2025-10-24 17:45:14,https://www.instagram.com/reel/DORHBASEoF-/,1761320714_brandify.ideas.mp4,video
saved,tailopez,1761038070,2025-10-21 11:14:30,https://www.instagram.com/reel/DI1CB80tMk8/,1761038070_tailopez.mp4,video
saved,jackhneel,1761037779,2025-10-21 11:09:39,https://www.instagram.com/reel/DMaueDiz-aq/,1761037779_jackhneel.mp4,video
saved,whutthechelle,1761037690,2025-10-21 11:08:10,https://www.instagram.com/reel/DOd-6bUkaM1/,1761037690_whutthechelle.mp4,video
saved,themarkshapiro,1761037293,2025-10-21 11:01:33,https://www.instagram.com/reel/DJKznaex8JK/,1761037293_themarkshapiro.mp4,video
saved,posivibe7,1761036994,2025-10-21 10:56:34,https://www.instagram.com/reel/DNueSeQUJNj/,1761036994_posivibe7.mp4,video
saved,everyday_motivation_200,1761036821,2025-10-21 10:53:41,https://www.instagram.com/reel/DL3BDLqIigo/,1761036821_everyday_motivation_200.mp4,video
saved,pba.clips,1761036570,2025-10-21 10:49:30,https://www.instagram.com/reel/DPyNO34gZby/,1761036570_pba.clips.mp4,video
saved,wassilijungblut,1761036283,2025-10-21 10:44:43,https://www.instagram.com/reel/DQB_4uTCQSp/,1761036283_wassilijungblut.mp4,video
saved,conspiracy_peterx,1760971317,2025-10-20 16:41:57,https://www.instagram.com/reel/DPozTX6DLL_/,1760971317_conspiracy_peterx.mp4,video
saved,erf_mensch_gott,1760971072,2025-10-20 16:37:52,https://www.instagram.com/reel/DP6d8xijJrE/,1760971072_erf_mensch_gott.mp4,video
saved,dark_mindtactics,1760899004,2025-10-19 20:36:44,https://www.instagram.com/reel/DP19fI5gqd5/,1760899004_dark_mindtactics.mp4,video
saved,diefinanzdenker,1760898321,2025-10-19 20:25:21,https://www.instagram.com/reel/DPcBbqkjRCw/,1760898321_diefinanzdenker.mp4,video
saved,bettermanadvice,1760892445,2025-10-19 18:47:25,https://www.instagram.com/reel/DPym3Y9kZyw/,1760892445_bettermanadvice.mp4,video
saved,ben_ungeskriptet,1760892340,2025-10-19 18:45:40,https://www.instagram.com/reel/DPYT2CwDMWA/,1760892340_ben_ungeskriptet.mp4,video
saved,tealswanofficial,1760891561,2025-10-19 18:32:41,https://www.instagram.com/reel/DP39coPAdre/,1760891561_tealswanofficial.mp4,video
saved,daily_ylyl,1760628159,2025-10-16 17:22:39,https://www.instagram.com/reel/DMcKjvCTUyf/,1760628159_daily_ylyl.mp4,video
saved,factsnscience,1760626995,2025-10-16 17:03:15,https://www.instagram.com/reel/DOSoFwwEpvG/,1760626995_factsnscience.mp4,video
saved,neuroglobe,1760577704,2025-10-16 03:21:44,https://www.instagram.com/reel/DJVJasNx7SS/,1760577704_neuroglobe.mp4,video
saved,naturalcircle,1760577564,2025-10-16 03:19:24,https://www.instagram.com/reel/DMTxiGuyQJd/,1760577564_naturalcircle.mp4,video
saved,jackhneel,1760577482,2025-10-16 03:18:02,https://www.instagram.com/reel/DN1aiiZUIBj/,1760577482_jackhneel.mp4,video
saved,dancerpulse,1760577431,2025-10-16 03:17:11,https://www.instagram.com/reel/DPy0T9jAOJF/,1760577431_dancerpulse.mp4,video
saved,geo.wissen,1760576345,2025-10-16 02:59:05,https://www.instagram.com/reel/DPbJ-1OiNJ1/,1760576345_geo.wissen.mp4,video
saved,vibepatrol_,1760576159,2025-10-16 02:55:59,https://www.instagram.com/reel/DK2k4wXInXU/,1760576159_vibepatrol_.mp4,video
saved,insidehistory,1760576006,2025-10-16 02:53:26,https://www.instagram.com/reel/DI32FFbITJ_/,1760576006_insidehistory.mp4,video
saved,coldwar.io,1760575364,2025-10-16 02:42:44,https://www.instagram.com/reel/DOqReTxDoDq/,1760575364_coldwar.io.mp4,video
saved,fifty_non,1760549740,2025-10-15 19:35:40,https://www.instagram.com/reel/DNZ_1GSO_2s/,1760549740_fifty_non.mp4,video
saved,geofactswithme,1760549588,2025-10-15 19:33:08,https://www.instagram.com/reel/DJfLJ-mt9b3/,1760549588_geofactswithme.mp4,video
saved,limitless_fishing_charters,1760549292,2025-10-15 19:28:12,https://www.instagram.com/reel/DMJoomkMTT2/,1760549292_limitless_fishing_charters.mp4,video
saved,yourcatsphoto,1760549202,2025-10-15 19:26:42,https://www.instagram.com/reel/DPtq2XijYN9/,1760549202_yourcatsphoto.mp4,video
saved,lanzundprecht,1760406993,2025-10-14 03:56:33,https://www.instagram.com/reel/DOgTh8SCKsF/,1760406993_lanzundprecht.mp4,video
saved,astralfrontiers,1760406447,2025-10-14 03:47:27,https://www.instagram.com/reel/DJ9fQoFIhv2/,1760406447_astralfrontiers.mp4,video
saved,themoreyouknow4444,1760405996,2025-10-14 03:39:56,https://www.instagram.com/reel/DMsoXRlOr0T/,1760405996_themoreyouknow4444.mp4,video
saved,harutestevao,1760405875,2025-10-14 03:37:55,https://www.instagram.com/reel/DJobTNjiZ7d/,1760405875_harutestevao.mp4,video
saved,kikoflo_,1760354069,2025-10-13 13:14:29,https://www.instagram.com/reel/DPsXCfxjOKy/,1760354069_kikoflo_.mp4,video
saved,michaelsartain,1760352769,2025-10-13 12:52:49,https://www.instagram.com/reel/DJmXt1VMjad/,1760352769_michaelsartain.mp4,video
saved,jakob.kdr,1760352557,2025-10-13 12:49:17,https://www.instagram.com/reel/DOdjWERjGCi/,1760352557_jakob.kdr.mp4,video
saved,jeremyricc,1760352526,2025-10-13 12:48:46,https://www.instagram.com/reel/DNDe2BJMSQg/,1760352526_jeremyricc.mp4,video
saved,tatolife_,1760352144,2025-10-13 12:42:24,https://www.instagram.com/reel/DPVzrP8DCiI/,1760352144_tatolife_.mp4,video
saved,auszukunft_,1760351078,2025-10-13 12:24:38,https://www.instagram.com/reel/DOqDbjKDAHU/,1760351078_auszukunft_.mp4,video
saved,henry_ma2021,1760350608,2025-10-13 12:16:48,https://www.instagram.com/reel/DN-3uB8Dm1e/,1760350608_henry_ma2021.mp4,video
saved,ki_sein_vater,1760183482,2025-10-11 13:51:22,https://www.instagram.com/reel/DPnwVrFCEZD/,1760183482_ki_sein_vater.mp4,video
saved,mr.tchno,1760183413,2025-10-11 13:50:13,https://www.instagram.com/reel/DPl2I1zCHjc/,1760183413_mr.tchno.mp4,video
saved,buildingbrilliantbrains,1760002121,2025-10-09 11:28:41,https://www.instagram.com/reel/DPVP2lOjBAs/,1760002121_buildingbrilliantbrains.mp4,video
saved,thatcoolprofessor,1760001981,2025-10-09 11:26:21,https://www.instagram.com/reel/DNzc9OXRE7r/,1760001981_thatcoolprofessor.mp4,video
saved,getsoundrx,1760001518,2025-10-09 11:18:38,https://www.instagram.com/reel/DLf9qbnTLFJ/,1760001518_getsoundrx.mp4,video
saved,thescientistfacts,1760001498,2025-10-09 11:18:18,https://www.instagram.com/reel/DOYvclek58b/,1760001498_thescientistfacts.mp4,video
saved,tactical.belle,1760001369,2025-10-09 11:16:09,https://www.instagram.com/reel/DPe0fGQkSBS/,1760001369_tactical.belle.mp4,video
saved,the.mr.cypher,1760000854,2025-10-09 11:07:34,https://www.instagram.com/reel/DO8cJx8jTH8/,1760000854_the.mr.cypher.mp4,video
saved,astronomypassenger,1760000733,2025-10-09 11:05:33,https://www.instagram.com/reel/DJW9344z0YN/,1760000733_astronomypassenger.mp4,video
saved,ricgons,1760000383,2025-10-09 10:59:43,https://www.instagram.com/reel/DNtwwKGXNTU/,1760000383_ricgons.mp4,video
saved,dhairavisingh,1760000048,2025-10-09 10:54:08,https://www.instagram.com/reel/DLHAYZKpNLI/,1760000048_dhairavisingh.mp4,video
saved,the.mr.cypher,1759999814,2025-10-09 10:50:14,https://www.instagram.com/reel/DPJZKcnDTP0/,1759999814_the.mr.cypher.mp4,video
saved,house__of__animals__,1759999755,2025-10-09 10:49:15,https://www.instagram.com/reel/DIhatwQzZQg/,1759999755_house__of__animals__.mp4,video
saved,rkexperiment_18,1759999568,2025-10-09 10:46:08,https://www.instagram.com/reel/DPgoOk_j5Xw/,1759999568_rkexperiment_18.mp4,video
saved,lucasanswers,1759997805,2025-10-09 10:16:45,https://www.instagram.com/reel/DPjMHi-juEM/,1759997805_lucasanswers.mp4,video
saved,reachyournextlvl,1759665419,2025-10-05 13:56:59,https://www.instagram.com/reel/DO_v9vaiFpu/,1759665419_reachyournextlvl.mp4,video
saved,women.being_women,1759664251,2025-10-05 13:37:31,https://www.instagram.com/reel/DLfcDNbzF2V/,1759664251_women.being_women.mp4,video
saved,incomeparent,1759664147,2025-10-05 13:35:47,https://www.instagram.com/reel/DPZG4-hiVSH/,1759664147_incomeparent.mp4,video
saved,wendaoism,1759620799,2025-10-05 01:33:19,https://www.instagram.com/reel/DPYcjEWiO00/,1759620799_wendaoism.mp4,video
saved,ua1978ua,1759620548,2025-10-05 01:29:08,https://www.instagram.com/reel/DK4LubTpCqh/,1759620548_ua1978ua.mp4,video
saved,harryjaggard,1759619723,2025-10-05 01:15:23,https://www.instagram.com/reel/DM-3-3DSTtU/,1759619723_harryjaggard.mp4,video
saved,shiloh_wwe,1759618916,2025-10-05 01:01:56,https://www.instagram.com/reel/DPNU5UjDSEv/,1759618916_shiloh_wwe.mp4,video
saved,jake_explains,1759618727,2025-10-05 00:58:47,https://www.instagram.com/reel/DOGcl7gEhk2/,1759618727_jake_explains.mp4,video
saved,ninjasarebutterflies,1759618327,2025-10-05 00:52:07,https://www.instagram.com/reel/DOj5wywDWk4/,1759618327_ninjasarebutterflies.mp4,video
saved,markmig9868,1759618140,2025-10-05 00:49:00,https://www.instagram.com/reel/DPXR1YVj3lK/,1759618140_markmig9868.mp4,video
saved,realpuppetregime,1759617541,2025-10-05 00:39:01,https://www.instagram.com/reel/DPWwbQGjQfV/,1759617541_realpuppetregime.mp4,video
saved,lucasanswers,1759586583,2025-10-04 16:03:03,https://www.instagram.com/reel/DPY8XrhjhTo/,1759586583_lucasanswers.mp4,video
saved,insidetruecrime,1759579471,2025-10-04 14:04:31,https://www.instagram.com/reel/DN6UyASjfnd/,1759579471_insidetruecrime.mp4,video
saved,frag.doch.christian,1759575523,2025-10-04 12:58:43,https://www.instagram.com/reel/DJa8fgNIO7q/,1759575523_frag.doch.christian.mp4,video
saved,diedinosde,1759574601,2025-10-04 12:43:21,https://www.instagram.com/reel/DPUB03XjOtg/,1759574601_diedinosde.mp4,video
saved,landwirt_in_mv,1759574179,2025-10-04 12:36:19,https://www.instagram.com/reel/DNkfG2vMmq3/,1759574179_landwirt_in_mv.mp4,video
saved,king.leutrim,1759574124,2025-10-04 12:35:24,https://www.instagram.com/reel/DPQNRysjBne/,1759574124_king.leutrim.mp4,video
saved,classydecor.finds,1759573802,2025-10-04 12:30:02,https://www.instagram.com/reel/DPUP2d2iJ9i/,1759573802_classydecor.finds.mp4,video
saved,arthurcbrooks,1759573603,2025-10-04 12:26:43,https://www.instagram.com/reel/DPRfYBWE70S/,1759573603_arthurcbrooks.mp4,video
saved,caring.roots,1759573540,2025-10-04 12:25:40,https://www.instagram.com/reel/DPOa_H7Em09/,1759573540_caring.roots.mp4,video
saved,mulligan.tv,1759427302,2025-10-02 19:48:22,https://www.instagram.com/reel/DMgBlk_yFD-/,1759427302_mulligan.tv.mp4,video
saved,lanzundprecht,1759427166,2025-10-02 19:46:06,https://www.instagram.com/reel/DPTzd7dDGN9/,1759427166_lanzundprecht.mp4,video
saved,tylerzwise,1759427043,2025-10-02 19:44:03,https://www.instagram.com/reel/DIouGCUuVXG/,1759427043_tylerzwise.mp4,video
saved,therealbradlea,1759427006,2025-10-02 19:43:26,https://www.instagram.com/reel/DOUJfRik2Dl/,1759427006_therealbradlea.mp4,video
saved,julianomanzioli,1759426912,2025-10-02 19:41:52,https://www.instagram.com/reel/DKjo9_HMUsE/,1759426912_julianomanzioli.mp4,video
saved,neurotweak,1759426108,2025-10-02 19:28:28,https://www.instagram.com/reel/DJ9ob4wMTZe/,1759426108_neurotweak.mp4,video
saved,wiefunktioniertmathe,1759425852,2025-10-02 19:24:12,https://www.instagram.com/reel/DN-URUZjcL0/,1759425852_wiefunktioniertmathe.mp4,video
saved,technic_tricks_de,1759425774,2025-10-02 19:22:54,https://www.instagram.com/reel/DOojTwYjZST/,1759425774_technic_tricks_de.mp4,video
saved,mr_tesla_45,1759425737,2025-10-02 19:22:17,https://www.instagram.com/reel/DOTV04fCq4a/,1759425737_mr_tesla_45.mp4,video
saved,thekoerneroffice,1759425616,2025-10-02 19:20:16,https://www.instagram.com/reel/DMVpZ4MyuMr/,1759425616_thekoerneroffice.mp4,video
saved,muriarndt,1759425518,2025-10-02 19:18:38,https://www.instagram.com/reel/DJOm_KXsUUh/,1759425518_muriarndt.mp4,video
saved,derwissenschafft,1759425462,2025-10-02 19:17:42,https://www.instagram.com/reel/DKhq4VNIUEg/,1759425462_derwissenschafft.mp4,video
saved,tailopez,1759425371,2025-10-02 19:16:11,https://www.instagram.com/reel/DL1FoJfvenf/,1759425371_tailopez.mp4,video
saved,romina,1759425281,2025-10-02 19:14:41,https://www.instagram.com/reel/DNy1jEAwlWP/,1759425281_romina.mp4,video
saved,hustlingroute,1759425193,2025-10-02 19:13:13,https://www.instagram.com/reel/DKALna3taKM/,1759425193_hustlingroute.mp4,video
saved,the_plant_slant,1759425099,2025-10-02 19:11:39,https://www.instagram.com/reel/DN9EXlnErZd/,1759425099_the_plant_slant.mp4,video
saved,ck.bolado,1759425048,2025-10-02 19:10:48,https://www.instagram.com/reel/DOy21Y4kul3/,1759425048_ck.bolado.mp4,video
saved,sillycactus1,1759424267,2025-10-02 18:57:47,https://www.instagram.com/reel/DLgeV7ZKZ-x/,1759424267_sillycactus1.mp4,video
saved,haraldbeste,1759423779,2025-10-02 18:49:39,https://www.instagram.com/reel/DMXHAPpsBf5/,1759423779_haraldbeste.mp4,video
saved,hamptonfishingadventures,1759423743,2025-10-02 18:49:03,https://www.instagram.com/reel/DNB2fi4hOCt/,1759423743_hamptonfishingadventures.mp4,video
saved,epicupgrade_,1759423604,2025-10-02 18:46:44,https://www.instagram.com/reel/DLkmrlKIr07/,1759423604_epicupgrade_.mp4,video
saved,docuquest_official,1759423372,2025-10-02 18:42:52,https://www.instagram.com/reel/DPCxsKzAlUE/,1759423372_docuquest_official.mp4,video
saved,inestwd00,1759423190,2025-10-02 18:39:50,https://www.instagram.com/reel/DPCHQoeCG1W/,1759423190_inestwd00.mp4,video
saved,officialstirlingcooper,1759423158,2025-10-02 18:39:18,https://www.instagram.com/reel/DO5Ko10kybz/,1759423158_officialstirlingcooper.mp4,video
saved,extreme_fishingnz,1759393543,2025-10-02 10:25:43,https://www.instagram.com/reel/DO9rXCpEtvB/,1759393543_extreme_fishingnz.mp4,video
saved,sonnyfaz,1759390542,2025-10-02 09:35:42,https://www.instagram.com/reel/DNBjHOJyysS/,1759390542_sonnyfaz.mp4,video
saved,wealthforceo,1759308960,2025-10-01 10:56:00,https://www.instagram.com/reel/DO1GhVBDG8Q/,1759308960_wealthforceo.mp4,video
saved,feinsdaily,1759308524,2025-10-01 10:48:44,https://www.instagram.com/reel/DLbTBoGNkwY/,1759308524_feinsdaily.mp4,video
saved,jaxhooked4life,1759231005,2025-09-30 13:16:45,https://www.instagram.com/reel/DOFLFQsDIis/,1759231005_jaxhooked4life.mp4,video
saved,brandgefahr_1,1759230956,2025-09-30 13:15:56,https://www.instagram.com/reel/DPJiglICmBk/,1759230956_brandgefahr_1.mp4,video
saved,the.mr.impulsive,1759230271,2025-09-30 13:04:31,https://www.instagram.com/reel/DOuXJl0DNZv/,1759230271_the.mr.impulsive.mp4,video
saved,tailopez,1759227400,2025-09-30 12:16:40,https://www.instagram.com/reel/DN3LQa05I_7/,1759227400_tailopez.mp4,video
saved,aquagaze.co,1759144653,2025-09-29 13:17:33,https://www.instagram.com/reel/DO40L2QDgbe/,1759144653_aquagaze.co.mp4,video
saved,mgmb_podcast,1759143010,2025-09-29 12:50:10,https://www.instagram.com/reel/DLnLrm2MsAq/,1759143010_mgmb_podcast.mp4,video
saved,follow_me_coaching,1759142897,2025-09-29 12:48:17,https://www.instagram.com/reel/DORd234jV0U/,1759142897_follow_me_coaching.mp4,video
saved,timpetersmusik,1759142621,2025-09-29 12:43:41,https://www.instagram.com/reel/DN1CtEp2ON_/,1759142621_timpetersmusik.mp4,video
saved,artof.cinema,1759142395,2025-09-29 12:39:55,https://www.instagram.com/reel/DOv4V84jekx/,1759142395_artof.cinema.mp4,video
saved,daviscarbo,1759142243,2025-09-29 12:37:23,https://www.instagram.com/reel/DJ5kGkKMdBf/,1759142243_daviscarbo.mp4,video
saved,joshua.nls,1759141716,2025-09-29 12:28:36,https://www.instagram.com/reel/DO-iHgUCJLG/,1759141716_joshua.nls.mp4,video
saved,alphamotivation0,1759141616,2025-09-29 12:26:56,https://www.instagram.com/reel/DNguIYgsnvC/,1759141616_alphamotivation0.mp4,video
saved,_kevindutoit,1759141284,2025-09-29 12:21:24,https://www.instagram.com/reel/DOV-qUUkc-E/,1759141284__kevindutoit.mp4,video
saved,d1vibe1,1759140932,2025-09-29 12:15:32,https://www.instagram.com/reel/DOl6vDtkbTs/,1759140932_d1vibe1.mp4,video
saved,bedo_official,1759140779,2025-09-29 12:12:59,https://www.instagram.com/reel/DOvu7KriOwX/,1759140779_bedo_official.mp4,video
saved,alex_intelligence_,1759140458,2025-09-29 12:07:38,https://www.instagram.com/reel/DPIkhygDmng/,1759140458_alex_intelligence_.mp4,video
saved,coleluisdasilva,1758987606,2025-09-27 17:40:06,https://www.instagram.com/reel/DIp_mvTxeRY/,1758987606_coleluisdasilva.mp4,video
saved,unclespestcontrol,1758987572,2025-09-27 17:39:32,https://www.instagram.com/reel/DL_IUjQPV8H/,1758987572_unclespestcontrol.mp4,video
saved,hill.project,1758987322,2025-09-27 17:35:22,https://www.instagram.com/reel/DNiH_WRtOAI/,1758987322_hill.project.mp4,video
saved,jculturedaily,1758986974,2025-09-27 17:29:34,https://www.instagram.com/reel/DOAjqIWkzvT/,1758986974_jculturedaily.mp4,video
saved,thecharliekirkshow1776,1758986192,2025-09-27 17:16:32,https://www.instagram.com/reel/DKkOWUvRW7X/,1758986192_thecharliekirkshow1776.mp4,video
saved,liebejetztdich,1758976390,2025-09-27 14:33:10,https://www.instagram.com/reel/DOQaYLzik_A/,1758976390_liebejetztdich.mp4,video
saved,myanimality,1758976347,2025-09-27 14:32:27,https://www.instagram.com/reel/DOHzqF7j74p/,1758976347_myanimality.mp4,video
saved,finanzschach.original,1758976296,2025-09-27 14:31:36,https://www.instagram.com/reel/DOGD-SnjdfZ/,1758976296_finanzschach.original.mp4,video
saved,gentlemanstirling,1758976123,2025-09-27 14:28:43,https://www.instagram.com/reel/DKXn-U1Rkv0/,1758976123_gentlemanstirling.mp4,video
saved,get_jinxed2024,1758975213,2025-09-27 14:13:33,https://www.instagram.com/reel/DO37Ns9jxoy/,1758975213_get_jinxed2024.mp4,video
saved,menschmitwert,1758931496,2025-09-27 02:04:56,https://www.instagram.com/reel/DPEA7H2CEu8/,1758931496_menschmitwert.mp4,video
saved,g.spot.podcast,1758931444,2025-09-27 02:04:04,https://www.instagram.com/reel/DOd9MROiOcB/,1758931444_g.spot.podcast.mp4,video
saved,insidehistory,1758931363,2025-09-27 02:02:43,https://www.instagram.com/reel/DPE3MIdkYr8/,1758931363_insidehistory.mp4,video
saved,bettermanadvice,1758931297,2025-09-27 02:01:37,https://www.instagram.com/reel/DOqhcBgEfTR/,1758931297_bettermanadvice.mp4,video
saved,growasentrepreneurs,1758929870,2025-09-27 01:37:50,https://www.instagram.com/reel/DMsGYocTztD/,1758929870_growasentrepreneurs.mp4,video
saved,scroll.fuel.tv,1758533527,2025-09-22 11:32:07,https://www.instagram.com/reel/DOw0PN7iiB2/,1758533527_scroll.fuel.tv.mp4,video
saved,top.music.songs,1758532936,2025-09-22 11:22:16,https://www.instagram.com/reel/DNjXBwzNLC4/,1758532936_top.music.songs.mp4,video
saved,bob.der.clipmeister,1758281269,2025-09-19 13:27:49,https://www.instagram.com/reel/DN8bXVXCK06/,1758281269_bob.der.clipmeister.mp4,video
saved,jaadix,1758280729,2025-09-19 13:18:49,https://www.instagram.com/reel/DIl_g81qWM0/,1758280729_jaadix.mp4,video
saved,the_bold__0,1758280289,2025-09-19 13:11:29,https://www.instagram.com/reel/DN_obDPAirW/,1758280289_the_bold__0.mp4,video
saved,rulojaguares,1758280076,2025-09-19 13:07:56,https://www.instagram.com/reel/DOY9oDIjoJX/,1758280076_rulojaguares.mp4,video
saved,marcfriedrich7,1758280003,2025-09-19 13:06:43,https://www.instagram.com/reel/DItTJ0YsY0i/,1758280003_marcfriedrich7.mp4,video
saved,auto_rar,1758279940,2025-09-19 13:05:40,https://www.instagram.com/reel/DOfyEYADB62/,1758279940_auto_rar.mp4,video
saved,wealthyadults,1758279839,2025-09-19 13:03:59,https://www.instagram.com/reel/DHlMuVWzdcO/,1758279839_wealthyadults.mp4,video
saved,harshthoughts247,1758279721,2025-09-19 13:02:01,https://www.instagram.com/reel/DKmRIdWTRTb/,1758279721_harshthoughts247.mp4,video
saved,tailopez,1758279605,2025-09-19 13:00:05,https://www.instagram.com/reel/DI6SfzvRLj5/,1758279605_tailopez.mp4,video
saved,datinguy,1758279382,2025-09-19 12:56:22,https://www.instagram.com/reel/DOwUJjkEp95/,1758279382_datinguy.mp4,video
saved,ancestral.trader,1758279099,2025-09-19 12:51:39,https://www.instagram.com/reel/DKHZydIhD69/,1758279099_ancestral.trader.mp4,video
saved,datecaptainx,1758278877,2025-09-19 12:47:57,https://www.instagram.com/reel/DMGpUwQvyjU/,1758278877_datecaptainx.mp4,video
saved,mindrift06,1757851403,2025-09-14 14:03:23,https://www.instagram.com/reel/DOC2sqXkoAf/,1757851403_mindrift06.mp4,video
saved,chelskonelliemusic,1757839498,2025-09-14 10:44:58,https://www.instagram.com/reel/DNZQVg_yWIE/,1757839498_chelskonelliemusic.mp4,video
saved,taylormoney.co,1757839257,2025-09-14 10:40:57,https://www.instagram.com/reel/DMzktHouND1/,1757839257_taylormoney.co.mp4,video
saved,bettermanadvice,1757838951,2025-09-14 10:35:51,https://www.instagram.com/reel/DOURoSdkkZ7/,1757838951_bettermanadvice.mp4,video
saved,it.is.psychology,1757838727,2025-09-14 10:32:07,https://www.instagram.com/reel/DOEJ1woAZtM/,1757838727_it.is.psychology.mp4,video
saved,bettermanadvice,1757838563,2025-09-14 10:29:23,https://www.instagram.com/reel/DOfDZ21DGsO/,1757838563_bettermanadvice.mp4,video
saved,bodyhealth.labs,1757838189,2025-09-14 10:23:09,https://www.instagram.com/reel/DOUPk8_iHh9/,1757838189_bodyhealth.labs.mp4,video
saved,thedeeceejay,1757837997,2025-09-14 10:19:57,https://www.instagram.com/reel/DN7KoErjD_a/,1757837997_thedeeceejay.mp4,video
saved,wisdomhouse0,1757441378,2025-09-09 20:09:38,https://www.instagram.com/reel/DOEJbh8CkDv/,1757441378_wisdomhouse0.mp4,video
saved,ki_sein_vater,1757441159,2025-09-09 20:05:59,https://www.instagram.com/reel/DN2kM5tUOVH/,1757441159_ki_sein_vater.mp4,video
saved,freenomo.music,1757441152,2025-09-09 20:05:52,https://www.instagram.com/reel/DOEFptejACN/,1757441152_freenomo.music.mp4,video
saved,survival_daniel,1756119494,2025-08-25 12:58:14,https://www.instagram.com/reel/DNpzIDUz1dk/,1756119494_survival_daniel.mp4,video
saved,lebensmodus,1756119134,2025-08-25 12:52:14,https://www.instagram.com/reel/DKruXEMoSd1/,1756119134_lebensmodus.mp4,video
saved,arturgoncalvesoficial1982,1756118862,2025-08-25 12:47:42,https://www.instagram.com/reel/DLvKV16o2cp/,1756118862_arturgoncalvesoficial1982.mp4,video
saved,pubity,1755779444,2025-08-21 14:30:44,https://www.instagram.com/reel/DNhx5rTIY3I/,1755779444_pubity.mp4,video
saved,haraldbeste,1755761319,2025-08-21 09:28:39,https://www.instagram.com/reel/DNi9C-II1nz/,1755761319_haraldbeste.mp4,video
saved,technoandpsychedelia,1755761201,2025-08-21 09:26:41,https://www.instagram.com/reel/DMAuZuESTlG/,1755761201_technoandpsychedelia.mp4,video
saved,two.goldendogs,1755687328,2025-08-20 12:55:28,https://www.instagram.com/reel/DLsooPvyBE1/,1755687328_two.goldendogs.mp4,video
saved,cherdleys,1755687294,2025-08-20 12:54:54,https://www.instagram.com/reel/DNe-oV6OvY7/,1755687294_cherdleys.mp4,video
saved,mrszahra.ra,1755687093,2025-08-20 12:51:33,https://www.instagram.com/reel/DM5qQ2aqXCI/,1755687093_mrszahra.ra.mp4,video
saved,jedediahbila,1755686574,2025-08-20 12:42:54,https://www.instagram.com/reel/DNiZKCIpLXu/,1755686574_jedediahbila.mp4,video
saved,reportifysnips,1755505332,2025-08-18 10:22:12,https://www.instagram.com/reel/DIUJXN_MeM9/,1755505332_reportifysnips.mp4,video
saved,mr.tchno,1755471357,2025-08-18 00:55:57,https://www.instagram.com/reel/DM8CKEDo1rZ/,1755471357_mr.tchno.mp4,video
saved,adnan_machts,1755468550,2025-08-18 00:09:10,https://www.instagram.com/reel/DKC8VNYtL_p/,1755468550_adnan_machts.mp4,video
saved,justsayit_anyway,1755465771,2025-08-17 23:22:51,https://www.instagram.com/reel/DIbcOPqKbbM/,1755465771_justsayit_anyway.mp4,video
saved,dhankness,1755465693,2025-08-17 23:21:33,https://www.instagram.com/reel/DLESLP_T2hS/,1755465693_dhankness.mp4,video
saved,pubity,1755465231,2025-08-17 23:13:51,https://www.instagram.com/reel/DNcm0sAoENl/,1755465231_pubity.mp4,video
saved,austingeter,1755464792,2025-08-17 23:06:32,https://www.instagram.com/reel/DG3g-qKxqPT/,1755464792_austingeter.mp4,video
saved,mindglow9999,1755463661,2025-08-17 22:47:41,https://www.instagram.com/reel/DNZYuV8hfoi/,1755463661_mindglow9999.mp4,video
saved,the_content_machine,1755453957,2025-08-17 20:05:57,https://www.instagram.com/reel/DH8z3dOp0st/,1755453957_the_content_machine.mp4,video
saved,angloiron,1755436360,2025-08-17 15:12:40,https://www.instagram.com/reel/DNRUuH5tRUF/,1755436360_angloiron.mp4,video
saved,extendyour_knowledge,1755435105,2025-08-17 14:51:45,https://www.instagram.com/reel/DNNv0vGMQHH/,1755435105_extendyour_knowledge.mp4,video
saved,health__matrix,1755397611,2025-08-17 04:26:51,https://www.instagram.com/reel/DGzgHOTO_U1/,1755397611_health__matrix.mp4,video
saved,stacktomillion,1755397479,2025-08-17 04:24:39,https://www.instagram.com/reel/DLoEXWGTNqv/,1755397479_stacktomillion.mp4,video
saved,biohackinghq_,1755397162,2025-08-17 04:19:22,https://www.instagram.com/reel/DGV-PIPonJK/,1755397162_biohackinghq_.mp4,video
saved,astrophilesz,1755395792,2025-08-17 03:56:32,https://www.instagram.com/reel/DGn1gJ2NOcQ/,1755395792_astrophilesz.mp4,video
saved,eco.tonic,1754651514,2025-08-08 13:11:54,https://www.instagram.com/reel/DMiZCMDicPk/,1754651514_eco.tonic.mp4,video
